{"IcoMoonType":"selection","icons":[{"icon":{"paths":["M448 128v-16c0-26.4-21.6-48-48-48h-160c-26.4 0-48 21.6-48 48v16h-192v128h192v16c0 26.4 21.6 48 48 48h160c26.4 0 48-21.6 48-48v-16h576v-128h-576zM256 256v-128h128v128h-128zM832 432c0-26.4-21.6-48-48-48h-160c-26.4 0-48 21.6-48 48v16h-576v128h576v16c0 26.4 21.6 48 48 48h160c26.4 0 48-21.6 48-48v-16h192v-128h-192v-16zM640 576v-128h128v128h-128zM448 752c0-26.4-21.6-48-48-48h-160c-26.4 0-48 21.6-48 48v16h-192v128h192v16c0 26.4 21.6 48 48 48h160c26.4 0 48-21.6 48-48v-16h576v-128h-576v-16zM256 896v-128h128v128h-128z"],"tags":["equalizer","sliders","settings","preferences","dashboard","control"],"defaultCode":59794,"grid":16,"attrs":[]},"attrs":[],"properties":{"ligatures":"equalizer, sliders","name":"equalizer","order":3,"id":147,"prevSize":32,"code":59794},"setIdx":0,"setId":1,"iconIdx":146},{"icon":{"paths":["M896 256h-192v-128c0-35.2-28.8-64-64-64h-256c-35.2 0-64 28.8-64 64v128h-192c-70.4 0-128 57.6-128 128v512c0 70.4 57.6 128 128 128h768c70.4 0 128-57.6 128-128v-512c0-70.4-57.6-128-128-128zM384 128h256v128h-256v-128zM768 704h-192v192h-128v-192h-192v-128h192v-192h128v192h192v128z"],"tags":["aid-kit","health","medicine","medical"],"defaultCode":59800,"grid":16,"attrs":[]},"attrs":[],"properties":{"ligatures":"aid-kit, health","name":"aid-kit","order":4,"id":153,"prevSize":32,"code":59800},"setIdx":0,"setId":1,"iconIdx":152}],"height":1024,"metadata":{"name":"icomoon"},"preferences":{"showGlyphs":true,"showQuickUse":true,"showQuickUse2":true,"showSVGs":true,"fontPref":{"prefix":"icon-","metadata":{"fontFamily":"icomoon"},"metrics":{"emSize":1024,"baseline":6.25,"whitespace":50},"embed":false},"imagePref":{"prefix":"icon-","png":true,"useClassSelector":true,"color":0,"bgColor":16777215,"classSelector":".icon"},"historySize":50,"showCodes":true,"gridSize":16}}